dataset_key,dataset_label,lang,n_real_points,n_random_points,real_slope,random_slope,real_intercept,random_intercept,real_rvalue,random_rvalue,real_regression_p_value,real_regression_p_value_display,random_regression_p_value,random_regression_p_value_display,slope_difference,intercept_difference,slope_permutation_p_value,slope_permutation_p_value_display
matched_random,Matched random structures,overall,10,10,0.26648163320036494,0.4211953593572497,1.654133823683072,1.3890176222835238,0.9934034526509304,0.9951845927185731,8.21869411859417e-09,8.219e-09,2.338828483560944e-09,2.339e-09,-0.15471372615688478,0.2651162013995483,0.05638872225554889,5.639e-02
pure_random_pruefer,Pure random (Pruefer),overall,10,10,0.2847916954416366,0.48358079470144133,1.6106849085987132,1.300962915627347,0.9943500761887303,0.9949407323646594,4.427931487986941e-09,4.428e-09,2.8489811218517623e-09,2.849e-09,-0.1987890992598047,0.30972199297136616,0.05638872225554889,5.639e-02
pure_random_root0,Pure random (root 0),overall,10,10,0.2847916954416366,0.2622010308674372,1.6106849085987132,1.2529372659498519,0.9943500761887303,0.9838287010884027,4.427931487986941e-09,4.428e-09,2.934302447075314e-07,2.934e-07,0.02259066457419945,0.3577476426488613,0.7104579084183164,7.105e-01
